username,salt,hashed_password
addleness,$6$9q2Z9y.M1wICuBry,$6$9q2Z9y.M1wICuBry$dPf449P65DGrdbFMy07M7rnc3v4ZqQARbgwwEa48q1oJmgDu.XmQJIewIkBQUXg2xAXGMJIlfByh3VIVTIpRi0
analects,$6$/qZzUQOmf56NXDIS,$6$/qZzUQOmf56NXDIS$jrAvfjzew6zf.JJjtF6rRs9PUokthpUOkGzJ/Mwf9nzUOm5DVV2P7USGHmIRFyDArLMQfoW19XSq5I6z1QbUS.
annalistic,$6$oVWKMIAR9crNt/7r,$6$oVWKMIAR9crNt/7r$aPRgUB82G8O4z5tFwkpoPJIkeCc3izpM27cY5H7UdZ.Jjo8UKuPuecST4XJOlfsjnJa71oTJmUN.MnhuMEejf.
anthropomorphologically,$6$Pn.Fn6oW9jA4Dcek,$6$Pn.Fn6oW9jA4Dcek$9JaAnlJKtjs51t5W6kp/VtUpsaujOBY.pM5vlJ/d39X/jB6VTXK9OMTlt/l64EjDAXLlX4QOztgw/nNbvdkoi/
blepharosphincterectomy,$6$6olWbUCktPW0LUWV,$6$6olWbUCktPW0LUWV$gq26eBi5a5yCE6e8i2T/INGNQTZN4fW9MOP22kCqfpdrl.ksK/38Z8P58APLVztQ.y/jfokNIJUhRRHNFA8I2.
corector,$6$v6bl0FGbPvyTY/QY,$6$v6bl0FGbPvyTY/QY$aS7aF83DeUJDN1zSO9D12eZ84Qxo5Yo814aK/ohXsM6P6Ee4rS.hW.HCMxp8rusAMP1OtLq38iKgKT8GPPkE40
durwaun,$6$hP9Y6FGYbLok6TUY,$6$hP9Y6FGYbLok6TUY$f15M2ZTZ7H/WzLIUQTMcBq6JDkI2Tvw8l9aSfXcsl0f7WOuceF8EKs8ZFUl9H1tf1cNbYSsEQMsiZ/zKLPWNG.
dysphasia,$6$TTMnjg4udJS/W4wb,$6$TTMnjg4udJS/W4wb$aYeiqYjtsvW4JATjmcuWtvDm9XY32.dxegDnF9BSjdI53A4wKvVhbjL1I4q.uKT9OpkKq.C65J8OpspYD/7Gq.
encampment,$6$VrRfFsk8wRMSB.KI,$6$VrRfFsk8wRMSB.KI$CDmaGZEBPayvR8asLr4TlHikiCywWO8WC7Iv1dFRhRm9XwPzCH4mHK.fTuKIzt8wfM86Lm8mtnDYQ1QrGephQ0
endoscopic,$6$cgZJyTI4NaetqlOm,$6$cgZJyTI4NaetqlOm$lkMeLLerS3By5ArBh6/JkK2eHpeRXmwuceiv8hMPV84rsER4r6Xh08snpIsLrw5V7.pg.vQjQdz0Vh6QvqWCy/
exilic,$6$.muXc2EZxaDGoEcO,$6$.muXc2EZxaDGoEcO$jrYFL3T5zdWmPkwRYb3v2srkziPn4vX62VOdcZPozo7YwgoEWlrpRLzzDeocJPVK.S4LQFED1hYGv4/RdlRWJ/
forfend,$6$15xcfw50.2dHjOyD,$6$15xcfw50.2dHjOyD$axXA1lUrWUu.0uVyJO5v36CRM9Eg1szFzHOS1NT78astX6.6JKtmWVuIBjgkRTK/BLleCwHJn1b2cG8xEJZI50
gorbellied,$6$WQvJxrVtgchd2DVS,$6$WQvJxrVtgchd2DVS$O8PczB6hFN1x95O7qK2LCrlP8HN0vZuq15mnYAh7MvQc4FLM3AJd9FwoMpn/B1/.NUZaXmlz5QQlkeiRKgDLO0
gushiness,$6$5LmimfNBIuuH9WCx,$6$5LmimfNBIuuH9WCx$cKZeS5JU3UuFXkOO7v1jxx9MDk0mc8bQtPo0nmOq29sgU2lGZwSeSBuCo16a764WjbjX6GjV01jTh/YA1sn7H0
muermo,$6$VKa/RfKVnZmzDaQ1,$6$VKa/RfKVnZmzDaQ1$vpDtP6egmcHU7jMnBuQgcZXNDFJ.SMRkd3uN.x/j5u4vFwu7emF0Morxfm4JVvfYIlNz7mrGwm9d.xVjBj1PF/
neckar,$6$cNlbd8eoNA/Hqb3o,$6$cNlbd8eoNA/Hqb3o$yLI8CCv1fzqPrgTtnVt2tbILZdgn8MjSqdX8o00gwKGqB.H8pBpm3ioZ1eZObJv.ncHyPwu6ujuPbBPQrozg/1
outmate,$6$R5ODfTcFET48axZo,$6$R5ODfTcFET48axZo$3ZhQm0425Q9lpugkoSkJrNuiYEeWomd9G7WUbFAxhVKL0x5Ke/14Q/6QeApw939DsFbvVd3iRe45IvzUepdeW1
outroll,$6$sN0mOfIu91ZtE9KH,$6$sN0mOfIu91ZtE9KH$fVOUz1zEVhYNwcauKkDGize9k5tLTYPkI11ERng8qHZMFrsp2nhZU0xSRhUXbsaWtMbbvIbZoQJR5FalshkYK.
overrich,$6$3UVoo/ewIFnMdY2l,$6$3UVoo/ewIFnMdY2l$v3Czr7ykxDRGBcyA2r2Tu6fY1DCNparU40SKbrIrroD2VVQ9o6MXipQGDsPYdfAQk1fALMEXdx5ikB2daKyIz.
philosophicotheological,$6$cQbGR0HbJUQQKC1C,$6$cQbGR0HbJUQQKC1C$.DWb7zyzZrXjXzPDY2Ow81wA/77Aa0sUreSzI/IAlqVNKnXu5Zfq7Gv5ovcImtMV2jIULMx9iCHmEkWuQ4P.u0
pockwood,$6$SIIKUSdQeoHcFvDZ,$6$SIIKUSdQeoHcFvDZ$AiOVt8MAQ9oiqf1YYkyWhI869myw0PHrG8GdhLcTgpHoZ1iM.ghi82I1En.0LPLb155N3c9M31oIwPXJKYyYY1
polypose,$6$G/pg8IXU8llMklPm,$6$G/pg8IXU8llMklPm$cLXpcE3HBP3xKkoTO/pLzG0BCPJpbbveaU0.6oNOBqSQQ9R/RUJJ/7pnUV3U2ogi6ftKXZdcEX51CB3H7gVtD.
refluxed,$6$lOPoiT0zO4vRZa86,$6$lOPoiT0zO4vRZa86$HQZ3GZORqDhmf2ZiMSVJWZQb9dusTRFW5up5Hhp5yxuH8xj4/v.BmLhZAfvEAywPkCZ9JSg9DkB9gUUaJdHrO1
reinsure,$6$pu/sS9SGA3K769g2,$6$pu/sS9SGA3K769g2$2xlpk3BfxKSthik3tXHzgQQd34RLApH1xgqvCI8zlbG1NHdt9CxQgV7zwDd89ow1HZwhZbBOE.vFBFzgSR0Ff1
repine,$6$XxnxnFIsJn6H5vZ4,$6$XxnxnFIsJn6H5vZ4$ndK2U9uAN2IZIt8mJLUrhRjeTwkbuth.gqkHegpTmiRwMmz2x/uDwSrti6zjNN/w38KwzT4iGT.C6IaOVIIII/
scerne,$6$BjNMK9WvmyTilqCY,$6$BjNMK9WvmyTilqCY$kHjC//saeAW8Tg7QqGTIWL5UOYO.6y4nRMe/MtRNZuO6wMvEtqilvAXGBigmE7jlTIYNb.PHFG8hPUKWL7TTx/
starshine,$6$zZ/3OiWHefHbTOE.,$6$zZ/3OiWHefHbTOE.$rSoCQbUZu8kHrKPAPFYCm.5H744aGnU9tYF2P4hjkN1kB.gT7W4oSeAwrJch/AhYDpi/RKH2.EKwo1mQhJO/Q.
unauthoritativeness,$6$heEZSnjNoeKudkRT,$6$heEZSnjNoeKudkRT$ZuK0.U6m/ZAB27i2l0hJmKZUVvU2QI/cbYi2T9KuNpF9JKmcealbQFski1jbSGaTS852Pf3MqnyzIpMEWU9fW1
unminced,$6$pMOwj3.aa4bZ2SqJ,$6$pMOwj3.aa4bZ2SqJ$D4RjpkzLLrW70565u917QwkKHQ6eXqHUVp1Zkx91HyhHCoMdOueX7rkubu7DEvdYqiZwj4ppApDR/bQZxNNot0
unrosed,$6$96Qp1o.Tyz.JnUjV,$6$96Qp1o.Tyz.JnUjV$HnPO2uTbN7sT3Vdfu3yqxmv9yLH3GqVt1bFzQ5QVHcAMk9g5QALCTQOL0B5bmOlZdGlrSlSTO/Pc/idMOVwP6.
untranquil,$6$4mv4rbULLHvFfFzD,$6$4mv4rbULLHvFfFzD$FVXkRp25jGT6ltTlXkaSRFLA5qjWZOr81FvqEVDgCtHOUIEGxJWYiikr.AjiW6fB79okAcEFJiGNbfS5oEmb./
urushinic,$6$wlo.c5wrB7mNe48M,$6$wlo.c5wrB7mNe48M$fy6Bd.zdCJslUlbdJhIYjsjDY.bGyA1jZ9onxQVzgfNntc4y/SpBcSC1A0w2R4bFlYlvGaVeNpoSBTWrSpxBr/
vegetocarbonaceous,$6$cszxPDt3Q.wxKgS.,$6$cszxPDt3Q.wxKgS.$3HgwlciyF/BoMS4R4IF.YowEDL9cB9i66nAUKUKrBKXSsUeycD5qZaCh12cXMnl2YX5pBeqRrCxZmYwuJvc.T.
wamara,$6$ReU/I3wb.MtLAxZm,$6$ReU/I3wb.MtLAxZm$ovYunFxt1PYahBnChGGAeCQNC2PktWZHZ.AoJy9DIxcnb5JqHMuth8ed40xdf22Xd7i6jfJ7firLtSDdaySmD1
whaledom,$6$V8k4vVbHPjO9Jfmc,$6$V8k4vVbHPjO9Jfmc$5Hm3L948SleMmw0CMV6wXOI0JTUsbJItfmr6sKY7SKpCrcjGYhTfPPk777ZFL7zRO8tfacfQkuWHQGcE8cMkW.
